"Post ID","Account ID","Account username","Account name",Description,"Duration (sec)","Publish time",Permalink,"Post type","Data comment",Date,Views,Likes,Shares,Comments,Saves,Reach,Follows
18138859501375566,17841405985702474,interactivedigi,"INTERACTIVE DIGITAL","No doubt storytelling is powerful, but how are forward-thinking brands harnessing that power on digital? 
Catch the full tea on LinkedIn
Check the link in our bio for the 1 min read. #DigitalStorytelling #IDEABootcamp",0,"01/15/2025 07:03",https://www.instagram.com/p/DE2b-McMrvR/,"IG image",,Lifetime,856,27,0,0,1,326,0
18317696965167397,17841405985702474,interactivedigi,"INTERACTIVE DIGITAL","Your favourite idea people are doing something sweet for a lucky business online. Tag a business that needs a marketing campaign for Valentine.

#BrandID #SpreadTheLove",0,"01/31/2025 07:18",https://www.instagram.com/p/DFfqaFss1Ml/,"IG carousel",,Lifetime,1430,76,7,8,3,596,3
18083926369581873,17841405985702474,interactivedigi,"INTERACTIVE DIGITAL","@loopandco_ ready to knit magic together? Big love to everyone who joined in; y’all really know how to spread the love. Stay tuned for more from Interactive Digital!

#BrandID #SpreadTheLove #Valentine #CrochetLove",0,"02/11/2025 06:11",https://www.instagram.com/p/DF73em5MCEN/,"IG image",,Lifetime,1249,31,3,3,0,422,0
18150386119362467,17841405985702474,interactivedigi,"INTERACTIVE DIGITAL","Roses are red and violets are blue, but how often do we look at our creative practices and say, I love you?

#BrandID #HappyValentinesDay #SpreadTheLove",0,"02/14/2025 04:41",https://www.instagram.com/p/DGDbjgis9e4/,"IG carousel",,Lifetime,983,59,1,4,1,354,0
17974249805693060,17841454140397714,loopandco_,"Loop & Co.","Your ideas are worth weaving into reality. 
From color to thread, we bring your vision to life! Clothing that makes you bold, unique, and made truly yours. 

Let’s create something amazing together. Order now. 
#BrandID #LoopAndCo #ProBono",0,"02/18/2025 02:22",https://www.instagram.com/p/DGNezg2tIlY/,"IG image",,Lifetime,1012,47,4,0,0,,
18055188877890435,17841454140397714,loopandco_,"Loop & Co.","Every stitch tells a love story. From our hands to yours, we’re crafting something special this Valentine’s! 
Pre-order your crochet pieces now: made with love, just for you.
DM us to join the waiting list!

#Brand!D #LoopAndCo #crochetlover #handmade #explore",31,"02/20/2025 07:48",https://www.instagram.com/reel/DGTMxLTtOFA/,"IG reel",,Lifetime,599,24,3,0,0,,
17921034192022349,17841405985702474,interactivedigi,"INTERACTIVE DIGITAL","We had to find out the story behind @loopandco_ and we did! Love is in every loop, threaded with the intention to make the user feel loved and special.

Place an order now and get 15% off this special month of love.

#Brand!D #LoopAndCo #MadeWithLove",174,"02/22/2025 07:49",https://www.instagram.com/reel/DGYVuaLMSOA/,"IG reel",,Lifetime,869,33,7,0,0,601,0
18005616047551566,17841454140397714,loopandco_,"Loop & Co.","Last call! Our February pre-order slots are filling up FAST! 
Join the loop and own something handmade with love.
Comment “LOOP” to get on the list!

#BrandID #loopandco #crochetlover #digitalmarketing #crochet",0,"02/28/2025 05:40",https://www.instagram.com/p/DGnlepCttUC/,"IG image",,Lifetime,803,26,1,0,0,,
18069512695724720,17841400282623291,scefinternational,"Street Children Empowerment Foundation","𝐒𝐨𝐦𝐞𝐭𝐡𝐢𝐧𝐠 𝐧𝐞𝐰 𝐢𝐬 𝐡𝐞𝐫𝐞!📣✨

As the past fades, a bold new identity emerges. We’ve reimagined our look, but our mission remains stronger than ever.✊

Can you guess what’s new? 🤔
Stay tuned!⚡️

#scefat15 #scefrebrand",0,"03/26/2025 02:24",https://www.instagram.com/p/DHqE14XOq3N/,"IG image",,Lifetime,,127,5,8,0,,
18001109030598056,17841400282623291,scefinternational,"Street Children Empowerment Foundation","𝐒𝐨𝐦𝐞𝐭𝐡𝐢𝐧𝐠 𝐧𝐞𝐰 𝐢𝐬 𝐡𝐞𝐫𝐞!📣✨

As the past fades, a bold new identity emerges. We’ve reimagined our look, but our mission remains stronger than ever.✊

Can you guess what’s new? 🤔
Stay tuned!⚡️

#scefat15 #scefrebrand",11,"03/26/2025 12:36",https://www.instagram.com/reel/DHrKv4Wokup/,"IG reel",,Lifetime,726,44,3,5,0,,
18496574452049170,17841400282623291,scefinternational,"Street Children Empowerment Foundation","We’re celebrating 15 years of impact at the 2025 Global Conference! 

From our journey of empowering street-connected children in Ghana to unveiling our bold new brand, this virtual event is set to inspire change. 

Don’t miss engaging conversations with our leaders, partners, and change-makers as we reflect, rebrand, and reignite a future of sustainable impact.

Register using the link in our bio!!

#scefat15 #scefrebrand #freethechildren",0,"03/27/2025 02:16",https://www.instagram.com/p/DHsosJvoe7s/,"IG image",,Lifetime,884,27,2,2,0,,
18053879276330014,17841405985702474,interactivedigi,"INTERACTIVE DIGITAL","At @scefinternational @15, our very own @cocoaasekrakye is rolling in to share the strategies behind SCEF’s magnificent rebrand; one that reflects @interactivedigi’s ethos of Excellent Quality Delivery.

We’re proud to help shape a brighter future for street children through bold designs, a captivating vision and storytelling that inspires.

Be there, witness the change, and be part of the movement!

#BrandID #SCEFAt15 #DigitalForGood #FreeTheChildren #SCEFRebrand",0,"03/27/2025 08:50",https://www.instagram.com/p/DHtVt71MIZw/,"IG image",,Lifetime,1792,76,1,12,5,681,0
18061327862050963,17841405985702474,interactivedigi,"INTERACTIVE DIGITAL","You held your ground in faith through long briefs, tight deadlines, and endless reverts. Discipline met devotion, and now, the reward is yours. Chop your blessings. Eid Mubarak!

#RamadanKareem #EidMubarak #BrandID",0,"03/31/2025 04:22",https://www.instagram.com/p/DH3KUQFsCQZ/,"IG image",,Lifetime,853,40,0,0,1,293,0
18052627919219118,17841405985702474,interactivedigi,"INTERACTIVE DIGITAL","Creating with @scefinternational was a joy, and seeing it all come together at their recent stakeholder symposium was the cherry on top. 
@cocoaasekrakye took the stage for @interactivedigi, walking everyone through the heart and thinking behind the rebrand. More than just a facelift, it was a full-circle moment of purpose, pride, and powerful storytelling.

#BrandID #SCEFRebrand #SCEFAt15 #FreeTheChildren",80,"04/14/2025 02:06",https://www.instagram.com/reel/DIa9zFlsFUb/,"IG reel",,Lifetime,900,61,2,5,1,530,2
17870554389344920,17841405985702474,interactivedigi,"INTERACTIVE DIGITAL","Is kenkey a luxury meal now?
One day, kenkey was a humble street food. The next, it’s flexing with a 7-cedi price tag like it just signed a record deal. So we hit the streets to find out; who’s gassing it up? Influencers? The dollar? Or is kenkey just feeling itself these days?

Tap in to see how it unfolds, let’s settle this once and for all.

#BrandID #AfricanMeals #DigitalCreators #JamesTown",186,"04/17/2025 03:35",https://www.instagram.com/reel/DIi15dsMi6t/,"IG reel",,Lifetime,5699,451,14,13,15,3757,10
18051668105040687,17841405985702474,interactivedigi,"INTERACTIVE DIGITAL","Happy Good Friday! Love carried the mission, and just like Him, we move with purpose every day. 

#HappyGoodFriday",0,"04/18/2025 03:25",https://www.instagram.com/p/DIlaBllscU7/,"IG image",,Lifetime,937,35,2,0,0,308,0
17852374467431625,17841405985702474,interactivedigi,"INTERACTIVE DIGITAL","From an empty tomb to a full heart, this Easter, we remember the beauty of being there for one another, just like Christ is there for us. 

Happy Easter from all of us at Interactive Digital!

#HeIsRisen #HappyEaster",0,"04/20/2025 02:36",https://www.instagram.com/p/DIqeDPZsaCo/,"IG carousel",,Lifetime,1162,52,1,3,0,368,0
17963791427879801,17841405985702474,interactivedigi,"INTERACTIVE DIGITAL","Oops did we spill? Just a lil’ something called strategy, creativity, and results at its peak. At Interactive Digital, we flow different.

#BrandID #DigitalMarketers #Brands #ContentCreators #AgencyLife",17,"04/25/2025 09:06",https://www.instagram.com/reel/DI4Co8cMHeB/,"IG reel",,Lifetime,4316,67,5,5,1,3126,2
18039614309624726,17841405985702474,interactivedigi,"INTERACTIVE DIGITAL","“We listen but we don't judge - because we can relate! Happy Workers' Day to the real MVPs keeping the world running. You've earned that rest!""

#WorkersDay #HappyHoliday #BrandID",66,"05/01/2025 07:29",https://www.instagram.com/reel/DJHTriMNK7o/,"IG reel",,Lifetime,770,51,7,4,0,441,0
18038835569546132,17841470069850781,swaybyid_,SWAY!,"There is that one colleague with a  water bottle that can make the earth’s tectonic plates shift.

Tag your office Hydration Hulk!😆

#SwayByID #DigitalLife #ContentCreation #StayHydrated",17,"05/07/2025 09:52",https://www.instagram.com/reel/DJXBYeVIpOX/,"IG reel",,Lifetime,1671,74,9,7,0,,
17930570532027990,17841405985702474,interactivedigi,"INTERACTIVE DIGITAL","Mother’s day is beyond the superficial; spread true love and joy to every mother in your life.

#HappyMothersDay #BrandID",138,"05/11/2025 04:49",https://www.instagram.com/reel/DJgx0pCs6Uv/,"IG reel",,Lifetime,662,53,2,6,1,451,0
18056586473225552,17841405985702474,interactivedigi,"INTERACTIVE DIGITAL","This thursday we’re throwing it back to when we had an amazing run with Loop&Co. Our love story was truly one for the books. 

Loop & Co. came to us as more than just a small business; they came with a dream. We listened, and we crafted a rebrand and roll-out that reflects their passion and purpose. This is why we do what we do and nothing drives us more than bringing those visions to life.

#BrandID #LoopAndCo #DigitalMarketers #MadeWithLove",170,"05/22/2025 05:09",https://www.instagram.com/reel/DJ9Ib9Qsdpl/,"IG reel",,Lifetime,496,37,1,0,0,329,0
18094326016525376,17841405985702474,interactivedigi,"INTERACTIVE DIGITAL","Choose an agency that’s built for the terrain.
With over a decade of advertising excellence under our belt, it’s  a good thing you found us before your competitor did.

#100menvsgorilla #AgencyLife #InteractiveDigital",19,"05/27/2025 10:23",https://www.instagram.com/reel/DKKk46DiJnZ/,"IG reel",,Lifetime,649,46,0,5,1,347,0
18070041577959945,17841405985702474,interactivedigi,"INTERACTIVE DIGITAL","Yes, we’ll feast on all the meat we can get today, but first… Feast your eyes on the elegance of religion. Happy Eid!

#EidMubarak 
#AgencyLife 
#BrandID",62,"06/06/2025 03:35",https://www.instagram.com/reel/DKjmDf1C9Y2/,"IG reel",,Lifetime,2593,107,2,5,1,1865,4
17901300267205605,17841405985702474,interactivedigi,"INTERACTIVE DIGITAL","We’re built like that. Taking the Pitcher Awards silver for “Use of Influencers & Brand Ambassadors” is just the icing on the cake. The real win is in each player.

#BrandID #SwayByID #PitcherAwards #CreativeExcellence #DigitalAgency #InfluencerMarkerting",0,"06/13/2025 06:15",https://www.instagram.com/p/DK16Ai5I9up/,"IG carousel",,Lifetime,1815,115,4,7,1,529,0
18328878241207584,17841405985702474,interactivedigi,"INTERACTIVE DIGITAL","He may not talk plenty, but his actions are loud enough! Ayekoo to the fathers who show love the Ghanaian way; steady, strong, and always present. Happy Father’s Day!

#FathersDay #ForeverGrateful #LoveYouDad #BrandID",0,"06/15/2025 05:18",https://www.instagram.com/p/DK69E_PsxkJ/,"IG image",,Lifetime,1317,38,0,0,0,275,0
18107840800458059,17841405985702474,interactivedigi,"INTERACTIVE DIGITAL","Happy Father’s Day!
Now let’s address the elephant in the room…

“Are fathers really unavailable?”

Here’s what our !D dads had to say:

#HappyFathersDay #HeroAtHome
#DadLife #BrandID #IDConversations",98,"06/15/2025 07:41",https://www.instagram.com/reel/DK7NWnboVGM/,"IG reel",,Lifetime,486,42,0,1,0,302,0
17877521211242458,17841405985702474,interactivedigi,"INTERACTIVE DIGITAL","We came. We balled. We conquered.
Our teamwork is tighter than a full-court press, so, of course we took home the AAG Basketball trophy! 

To the other teams… better luck next season (or maybe you just can’t ball like us 😤😂).

#BrandID #InteragencyGames2025 #CorporateFunGames #WeNoDeyCarryLast #NBAFinals",42,"06/17/2025 07:01",https://www.instagram.com/reel/DLASVhNI-Cd/,"IG reel",,Lifetime,626,55,1,6,0,337,0
18057192542360367,17841405985702474,interactivedigi,"INTERACTIVE DIGITAL","We came online for the friends… stayed for the memes, chaos, and soft life tips. It’s wild how much of life now lives here.

Tap the link in bio to find out more!

#BrandID #SocialMediaWeek #AdWeek #DigitalMarketing",0,"07/03/2025 05:08",https://www.instagram.com/p/DLpSQqNMvqz/,"IG carousel",,Lifetime,4211,48,0,0,0,134362,0
18145517866403680,17841405985702474,interactivedigi,"INTERACTIVE DIGITAL","You’re probably wondering how we found out. At Interactive Digital, we turn everyday data into powerful insight. Not just numbers, but patterns rooted in culture, behavior, and emotion. The best campaigns don’t just show up; they resonate. That happens when data reflects real people: what they eat, where they shop, how they scroll, connecting with their values, memories, and daily lives. Cultural relevance isn’t guesswork. It’s data-driven. And that’s what makes the difference between noise and lasting impact.

#BrandID #DataDrivenMarketing
#CulturalInsights #DigitalMarketing #Ads
#MarketingStrategy",0,"07/16/2025 08:02",https://www.instagram.com/p/DMLEjfXI07F/,"IG carousel",,Lifetime,1304,54,0,0,0,260,1
17891789940290100,17841405985702474,interactivedigi,"INTERACTIVE DIGITAL","If people remember it, repeat it, or roll their eyes at it, then it matters. That’s how we learn what sticks, what flops, and what connects. Your opinions aren’t just takes; they matter. So, what’s yours? Drop it below.

#BrandID #AdStrategy #CreativeAds #AdvertisingAgency #MarketingThatWorks #ShakeItToTheMax",135,"07/25/2025 05:04",https://www.instagram.com/reel/DMh7JiDsPtw/,"IG reel",,Lifetime,653,43,3,2,2,453,0
18359536477152292,17841405985702474,interactivedigi,"INTERACTIVE DIGITAL","Social media managers gather here! The struggle is real (lmao)

#BrandID #SocialMediaManagers
#DigitalMarketing #ContentCreation
#MarketingHumor",32,"08/06/2025 08:30",https://www.instagram.com/reel/DNBMVg3MJ-c/,"IG reel",,Lifetime,683,32,0,0,0,471,1
18145857907407611,17841405985702474,interactivedigi,"INTERACTIVE DIGITAL","Our hearts ache a little more today as we honour men who died serving this nation. We grieve their journey’s end and cherish the mark they left behind.

#GhanaMourns",8,"08/07/2025 10:26",https://www.instagram.com/reel/DND-XmysegM/,"IG reel",,Lifetime,582,33,1,2,1,333,0
18059054669615178,17841405985702474,interactivedigi,"INTERACTIVE DIGITAL","Chad’s gates may be free, but the goals are not. As for the Ghana Black Stars we are back to collect our 3 points.

Ps: Still e no go better for Naija

#BlackStars #FIFAWCQ",0,"09/04/2025 06:57",https://www.instagram.com/p/DOLs0PiDLDp/,"IG image",,Lifetime,1072,17,0,2,0,246,0
18050235848295559,17841405985702474,interactivedigi,"INTERACTIVE DIGITAL","We’d do it all over again without second thoughts. I mean; the joy, community and bonding was so surreal. And to top it all off with such an eclectic aerobic session with the ceo? We’re putting a pin on the next date

#BrandID #Ninanihealthwalk #TeamID #Teambonding #HealthyMinds #keepingfit",0,"09/15/2025 11:14",https://www.instagram.com/p/DOoe-AyjKq_/,"IG carousel",,Lifetime,1331,48,3,0,0,312,0
18096186292646441,17841405985702474,interactivedigi,"INTERACTIVE DIGITAL","We’re so proud of our people! Interactive Digital joined the NINANI Group for a 5 km walk from Ayi Mensah Toll Booth to Peduase. The energy was top-notch, and the connections were supercharged with the team.

#BrandID #Ninanihealthwalk #TeamID #Teambonding #HealthyMinds #keepingfit",54,"09/16/2025 02:14",https://www.instagram.com/reel/DOqFyu2gj7R/,"IG reel",,Lifetime,559,48,6,1,0,303,0
18078446209817671,17841405985702474,interactivedigi,"INTERACTIVE DIGITAL","We didn’t blink when it came to cultural art, so we took our gear and went ahead to do what we came here to do: show you how good art flows in our cultural communications. What was your favorite moment at the Chale Wote ‘25?

#BrandID #ChaleWote #Homowo #CulturalArt",104,"09/17/2025 11:02",https://www.instagram.com/reel/DOtnGcejE9q/,"IG reel",,Lifetime,456,34,0,1,0,277,0
18020627180772744,17841405985702474,interactivedigi,"INTERACTIVE DIGITAL","We are coming for thy necks, and thou art righteous to be quivering in thy knees. “Ready” is an understatement, come and experience greatness from !D at the AIS sports complex on the 19th of September at the NINANI games.

#BrandID #NinaniGames #TeamID #Champions",39,"09/18/2025 05:49",https://www.instagram.com/reel/DOvoGRTAtry/,"IG reel",,Lifetime,1196,89,5,11,3,635,3
17922409932147635,17841406608510503,itconsortium,"IT Consortium","Props to the Managing Director at IT Consortium! ID surprised him with a cake to celebrate his special day, because some leaders deserve a little extra sweetness.

#ITConsortium #CelebratingLeadership #TBT",49,"09/18/2025 09:11",https://www.instagram.com/reel/DOv_RWKjI6X/,"IG reel",,Lifetime,1022,58,5,2,0,,
17999529740668043,17841405985702474,interactivedigi,"INTERACTIVE DIGITAL","Just like we said; “ɛyɛ Action, ɛnyɛ kasa!” we swooped the cup and dominated the NINANI games while still maintaining our steeze.
As for the competitors, we must admit, we enjoyed every moment as one people and we wouldn’t have it any other way. So much love to the team that made this possible.
Congratulations to ID for winning the 2025 ninani championship for the second time 🏆 ɛyɛ geng things!

#BrandID #NinaniGames #TeamID #Champions",0,"09/20/2025 12:56",https://www.instagram.com/p/DO1iqMijMoo/,"IG carousel",,Lifetime,1461,50,0,4,0,326,0
17949458901013592,17841405985702474,interactivedigi,"INTERACTIVE DIGITAL","Kwame Nkrumah was a remarkable figure, and we continue to embody his legacy today as we celebrate him. Just like us, he was human, and he achieved great feats despite his many moods. This is to remind us that “Action without thought is empty. Thought without action is blind.”

Now tag that one guy who reminds you of any of Nkrumah’s moods!

#kwameNkrumah #Osagyefo #HappyHoliday #BrandID #Legendary",0,"09/22/2025 07:39",https://www.instagram.com/p/DO6H89KDKzq/,"IG carousel",,Lifetime,1244,42,1,0,1,293,0
18083165110942784,17841405985702474,interactivedigi,"INTERACTIVE DIGITAL","We’re winners and champions at heart, and the NINANI Games was just a snapshot of our teamwork and togetherness! 

Here is to many more wins for team !D.

#BrandID #NinaniGames #TeamID #Champions #DubNation",156,"09/24/2025 07:10",https://www.instagram.com/reel/DO_NonUDHep/,"IG reel",,Lifetime,641,54,1,2,0,328,0
18076220192122643,17841405985702474,interactivedigi,"INTERACTIVE DIGITAL","The SCEF Gala was a heartwarming celebration of community and vision, highlighting SCEF’s powerful journey from a bold dream to provide hope and dignity for street children. With inspiring words from the founder and the Queen Mother of Jamestown, alongside moving performances from children and artists, the night showcased the profound impact of opportunity. Interactive Digital was honored to be the digital partner, proudly standing with SCEF as they continue to change lives.

#BrandID #SCEFAt15 #GalaNight #FreeTheChildren",112,"09/26/2025 05:24",https://www.instagram.com/reel/DPELf6nDCpd/,"IG reel",,Lifetime,819,54,2,2,1,504,0
17988034175714477,17841405985702474,interactivedigi,"INTERACTIVE DIGITAL","Calm reminder that we’re the winners of the NINANI premier league. Don’t you EVER forget.

#BrandID #NinaniGames #TeamID #Champions",0,"09/26/2025 06:40",https://www.instagram.com/p/DPEUaf0DI5T/,"IG image",,Lifetime,900,22,0,0,0,190,0
17939901090073050,17841405985702474,interactivedigi,"INTERACTIVE DIGITAL","Early checks are easy wins. October’s a reminder that loving yourself means paying attention. Don’t wait for a sign. Make that appointment and stay ahead of the game.

#BrandID #DigitalMarketers #BreastCancerAwarenessMonth #Pinktober",0,"10/11/2025 09:23",https://www.instagram.com/reel/DPrOmuvCP1U/,"IG reel",,Lifetime,863,42,2,2,3,525,0
18059191931257594,17841405985702474,interactivedigi,"INTERACTIVE DIGITAL","What motivates you to make money 💰?
Share yours with us in the comments. Manifest with us ✨

#BrandID #DigitalLife #MoneyMotivation #LevelUpEnergy",65,"11/18/2025 04:56",https://www.instagram.com/reel/DRMtWIOjF-8/,"IG reel",,Lifetime,643,48,2,1,3,383,0
18078291487922976,17841405985702474,interactivedigi,"INTERACTIVE DIGITAL","Men have been known to have their fist up fighting for the longest time, but this time, we fist bump for peace of humanity. Give it up for the men in your life! One time.

#BrandID #HappyInternationalMen’sDay",31,"11/19/2025 10:12",https://www.instagram.com/reel/DRP2bLCDCw5/,"IG reel",,Lifetime,351,24,3,0,1,209,0
18003895283823047,17841405985702474,interactivedigi,"INTERACTIVE DIGITAL","We got ambushed, in the best way!
Film star Kunle Remi (aka Baba Mi himself!) pulled up on us out of nowhere.

And you know how it goes at iD… It’s good vibes, solid work, and excitement! Does your agency get random star visits? Or you go just “chop rice”

#BrandID #KunleRemi #AgencyLife #BabaMi #IDExperience #Nollywood #Anikulapo",41,"11/20/2025 00:40",https://www.instagram.com/reel/DRRZk8LDM_5/,"IG reel",,Lifetime,644,42,1,1,0,387,0
17983183661777967,17841405985702474,interactivedigi,"INTERACTIVE DIGITAL","Merry Christmas from ID! We’ve stepped aside to let the elves do their important work. Hope you have a wonderful day!

#MerryChristmas #BrandID",0,"12/25/2025 08:32",https://www.instagram.com/p/DSsXm9xjB3T/,"IG image",,Lifetime,433,35,1,0,1,188,0
18098253241850697,17841405985702474,interactivedigi,"INTERACTIVE DIGITAL","Now that’s a typical December, where the work is intense, the deadlines are tight, and the confessions spill faster than tea.

#BrandID #FestiveSeason #agencylife",93,"12/29/2025 09:58",https://www.instagram.com/reel/DS2zuhvjNcO/,"IG reel",,Lifetime,498,26,0,0,1,305,0
18073554493717241,17841405985702474,interactivedigi,"INTERACTIVE DIGITAL","To our new year’s resolutions and last year’s-we say-we’re forward. The rest is back!

#HappyNewYear",44,"01/01/2025 04:23",https://www.instagram.com/reel/DESGTB8MCXB/,"IG reel",,Lifetime,1088,67,2,7,2,646,0
